{"cameraMode":{"drawMode":0,"name":"Shaded","section":"Shading Mode"},"sceneLighting":false,"audioPlay":false,"sceneViewState":{"showFog":true,"showMaterialUpdate":false,"showSkybox":false,"showFlares":true,"showImageEffects":true,"showParticleSystems":true},"in2DMode":false,"pivot":{"x":0.15462812781333924,"y":1.0012702941894532,"z":0.04798579216003418},"rotation":{"x":-0.10809348523616791,"y":-0.011336369439959526,"z":0.0012194454902783037,"w":-0.9940969347953796},"size":2.052734613418579,"orthographic":false}