{"cameraMode":{"drawMode":0,"name":"Shaded","section":"Shading Mode"},"sceneLighting":false,"audioPlay":false,"sceneViewState":{"showFog":true,"showMaterialUpdate":false,"showSkybox":false,"showFlares":true,"showImageEffects":true,"showParticleSystems":true},"in2DMode":false,"pivot":{"x":5.361171722412109,"y":9.220309257507325,"z":8.088504791259766},"rotation":{"x":-0.2554042935371399,"y":0.6400335431098938,"z":-0.23896226286888123,"w":-0.684155285358429},"size":9.644976615905762,"orthographic":false}