{"cameraMode":{"drawMode":0,"name":"Shaded","section":"Shading Mode"},"sceneLighting":true,"audioPlay":false,"sceneViewState":{"showFog":true,"showMaterialUpdate":false,"showSkybox":true,"showFlares":true,"showImageEffects":true,"showParticleSystems":true},"in2DMode":false,"pivot":{"x":2.126814842224121,"y":7.1597900390625,"z":0.6689453125},"rotation":{"x":-0.22324858605861665,"y":0.19353903830051423,"z":-0.04529976099729538,"w":-0.9543044567108154},"size":6.667449951171875,"orthographic":true}