{"cameraMode":{"drawMode":0,"name":"Shaded","section":"Shading Mode"},"sceneLighting":false,"audioPlay":false,"sceneViewState":{"showFog":true,"showMaterialUpdate":false,"showSkybox":false,"showFlares":true,"showImageEffects":true,"showParticleSystems":true},"in2DMode":false,"pivot":{"x":6.931421279907227,"y":11.886577606201172,"z":-7.5492682456970219},"rotation":{"x":-0.3207528591156006,"y":0.3735192120075226,"z":-0.1394703984260559,"w":-0.8591835498809815},"size":4.418184757232666,"orthographic":false}