{"cameraMode":{"drawMode":0,"name":"Shaded","section":"Shading Mode"},"sceneLighting":false,"audioPlay":false,"sceneViewState":{"showFog":true,"showMaterialUpdate":false,"showSkybox":false,"showFlares":true,"showImageEffects":true,"showParticleSystems":true},"in2DMode":false,"pivot":{"x":-0.0000019073486328125,"y":2.5574302673339845,"z":4.76837158203125e-7},"rotation":{"x":0.2232891470193863,"y":-0.03216271474957466,"z":0.00737531716004014,"w":0.9742045402526856},"size":6.842448711395264,"orthographic":false}